[
  {
    "Fornecedor": "MannPlastic",
    "Descrição": "ADAPTADOR INTERNO 3/4 ROSCA EXTERNA",
    "Qtde Confirmada": "100",
    "Emissão Nf": "22/01/2026",
    "Nota Fiscal": "019495-001",
    "Pedido": "4500486294"
  },
  {
    "Fornecedor": "MannPlastic",
    "Descrição": "ADAPTADOR INTERNO 1 ROSCA EXTERNA",
    "Qtde Confirmada": "50",
    "Emissão Nf": "21/01/2026",
    "Nota Fiscal": "019487-001",
    "Pedido": "4500452606"
  },
  {
    "Fornecedor": "MannPlastic",
    "Descrição": "ADAPTADOR DE REDUÇÃO 3/4 X 1/2",
    "Qtde Confirmada": "150",
    "Emissão Nf": "21/01/2026",
    "Nota Fiscal": "019477-001",
    "Pedido": "4500481923"
  },
  {
    "Fornecedor": "MannPlastic",
    "Descrição": "ADAPTADOR DE REDUÇÃO 1 X 3/4",
    "Qtde Confirmada": "342",
    "Emissão Nf": "21/01/2026",
    "Nota Fiscal": "019477-001",
    "Pedido": "4500481923"
  },
  {
    "Fornecedor": "MannPlastic",
    "Descrição": "UNIÃO INTERNA 1/2",
    "Qtde Confirmada": "100",
    "Emissão Nf": "22/01/2026",
    "Nota Fiscal": "019495-001",
    "Pedido": "4500486294"
  },
  {
    "Fornecedor": "MannPlastic",
    "Descrição": "UNIÃO INTERNA 1",
    "Qtde Confirmada": "300",
    "Emissão Nf": "21/01/2026",
    "Nota Fiscal": "019477-001",
    "Pedido": "4500481923"
  },
  {
    "Fornecedor": "MannPlastic",
    "Descrição": "MANGUEIRA TRANÇADA PREMIUM 3/4 X 2,3MM - 50M",
    "Qtde Confirmada": "250",
    "Emissão Nf": "21/01/2026",
    "Nota Fiscal": "019479-001",
    "Pedido": "4500460697"
  },
  {
    "Fornecedor": "MannPlastic",
    "Descrição": "MANGUEIRA TRANÇADA PREMIUM 3/4 X 2,3MM - 50M",
    "Qtde Confirmada": "300",
    "Emissão Nf": "21/01/2026",
    "Nota Fiscal": "019485-001",
    "Pedido": "4500460697"
  },
  {
    "Fornecedor": "MannPlastic",
    "Descrição": "MANGUEIRA TRANÇADA PREMIUM 3/4 X 2,3MM - 50M",
    "Qtde Confirmada": "450",
    "Emissão Nf": "21/01/2026",
    "Nota Fiscal": "019484-001",
    "Pedido": "4500460697"
  },
  {
    "Fornecedor": "MannPlastic",
    "Descrição": "MANGUEIRA TRANÇADA PREMIUM 3/4 X 2,3MM - 50M",
    "Qtde Confirmada": "450",
    "Emissão Nf": "21/01/2026",
    "Nota Fiscal": "019483-001",
    "Pedido": "4500460697"
  },
  {
    "Fornecedor": "MannPlastic",
    "Descrição": "MANGUEIRA TRANÇADA PREMIUM 3/4 X 2,3MM - 50M",
    "Qtde Confirmada": "450",
    "Emissão Nf": "21/01/2026",
    "Nota Fiscal": "019482-001",
    "Pedido": "4500460697"
  },
  {
    "Fornecedor": "MannPlastic",
    "Descrição": "MANGUEIRA TRANÇADA PREMIUM 3/4 X 2,3MM - 50M",
    "Qtde Confirmada": "100",
    "Emissão Nf": "22/01/2026",
    "Nota Fiscal": "019495-001",
    "Pedido": "4500486294"
  },
  {
    "Fornecedor": "MannPlastic",
    "Descrição": "CONJ. MANGUEIRA TRANÇADA PREMIUM 7/16 X 1,5MM - 10M",
    "Qtde Confirmada": "21",
    "Emissão Nf": "20/01/2026",
    "Nota Fiscal": "019475-001",
    "Pedido": "4500435752"
  },
  {
    "Fornecedor": "MannPlastic",
    "Descrição": "CONJ. MANGUEIRA TRANÇADA PREMIUM 7/16 X 1,5MM - 10M",
    "Qtde Confirmada": "30",
    "Emissão Nf": "21/01/2026",
    "Nota Fiscal": "019487-001",
    "Pedido": "4500452606"
  },
  {
    "Fornecedor": "MannPlastic",
    "Descrição": "CONJ. MANGUEIRA TRANÇADA PREMIUM 7/16 X 1,5MM - 15M",
    "Qtde Confirmada": "3",
    "Emissão Nf": "20/01/2026",
    "Nota Fiscal": "019475-001",
    "Pedido": "4500435752"
  },
  {
    "Fornecedor": "MannPlastic",
    "Descrição": "CONJ. MANGUEIRA TRANÇADA PREMIUM 7/16 X 1,5MM - 15M",
    "Qtde Confirmada": "8",
    "Emissão Nf": "21/01/2026",
    "Nota Fiscal": "019487-001",
    "Pedido": "4500452606"
  },
  {
    "Fornecedor": "MannPlastic",
    "Descrição": "CONJ. MANGUEIRA TRANÇADA PREMIUM 7/16 X 1,5MM - 15M",
    "Qtde Confirmada": "16",
    "Emissão Nf": "21/01/2026",
    "Nota Fiscal": "019479-001",
    "Pedido": "4500460697"
  },
  {
    "Fornecedor": "MannPlastic",
    "Descrição": "CONJ. MANGUEIRA TRANÇADA PREMIUM 7/16 X 1,5MM - 15M",
    "Qtde Confirmada": "3",
    "Emissão Nf": "22/01/2026",
    "Nota Fiscal": "019495-001",
    "Pedido": "4500486294"
  },
  {
    "Fornecedor": "MannPlastic",
    "Descrição": "CONJ. MANGUEIRA TRANÇADA PREMIUM 7/16 X 1,5MM - 15M",
    "Qtde Confirmada": "15",
    "Emissão Nf": "21/01/2026",
    "Nota Fiscal": "019477-001",
    "Pedido": "4500481923"
  },
  {
    "Fornecedor": "MannPlastic",
    "Descrição": "CONJ. MANGUEIRA TRANÇADA PREMIUM 7/16 X 1,5MM - 20M",
    "Qtde Confirmada": "7",
    "Emissão Nf": "20/01/2026",
    "Nota Fiscal": "019475-001",
    "Pedido": "4500435752"
  },
  {
    "Fornecedor": "MannPlastic",
    "Descrição": "CONJ. MANGUEIRA TRANÇADA PREMIUM 7/16 X 1,5MM - 20M",
    "Qtde Confirmada": "20",
    "Emissão Nf": "21/01/2026",
    "Nota Fiscal": "019487-001",
    "Pedido": "4500452606"
  },
  {
    "Fornecedor": "MannPlastic",
    "Descrição": "CONJ. MANGUEIRA TRANÇADA PREMIUM 7/16 X 1,5MM - 20M",
    "Qtde Confirmada": "3",
    "Emissão Nf": "21/01/2026",
    "Nota Fiscal": "019479-001",
    "Pedido": "4500460697"
  },
  {
    "Fornecedor": "MannPlastic",
    "Descrição": "CONJ. MANGUEIRA TRANÇADA.PREMIUM 7/16 X 1,5MM - 30M",
    "Qtde Confirmada": "11",
    "Emissão Nf": "19/01/2026",
    "Nota Fiscal": "019472-001",
    "Pedido": "4500352029"
  },
  {
    "Fornecedor": "MannPlastic",
    "Descrição": "CONJ. MANGUEIRA TRANÇADA.PREMIUM 7/16 X 1,5MM - 30M",
    "Qtde Confirmada": "37",
    "Emissão Nf": "19/01/2026",
    "Nota Fiscal": "019471-001",
    "Pedido": "4500384632"
  },
  {
    "Fornecedor": "",
    "Descrição": "",
    "Qtde Confirmada": "",
    "Emissão Nf": "",
    "Nota Fiscal": "",
    "Pedido": ""
  },
  {
    "Fornecedor": "Fornecedor",
    "Descrição": "Descrição",
    "Qtde Confirmada": "Qtde Confirmada",
    "Emissão Nf": "Emissão Nf",
    "Nota Fiscal": "Nota Fiscal",
    "Pedido": "Pedido"
  },
  {
    "Fornecedor": "Fortlev",
    "Descrição": "TE SOLD BCH LATAO 20X1/2 COD.BAR",
    "Qtde Confirmada": "10",
    "Emissão Nf": "13/01/2026",
    "Nota Fiscal": "681331-002",
    "Pedido": "4500453707"
  },
  {
    "Fornecedor": "Fortlev",
    "Descrição": "TE SOLD BCH LATAO 20X1/2 COD.BAR",
    "Qtde Confirmada": "80",
    "Emissão Nf": "13/01/2026",
    "Nota Fiscal": "681332-002",
    "Pedido": "4500465465"
  },
  {
    "Fornecedor": "Fortlev",
    "Descrição": "JOELHO 90 ESG COM ANEL DN 40 COD.BAR",
    "Qtde Confirmada": "375",
    "Emissão Nf": "21/01/2026",
    "Nota Fiscal": "683233-002",
    "Pedido": "4500482447"
  },
  {
    "Fornecedor": "",
    "Descrição": "",
    "Qtde Confirmada": "",
    "Emissão Nf": "",
    "Nota Fiscal": "",
    "Pedido": ""
  },
  {
    "Fornecedor": "Fornecedor",
    "Descrição": "Descrição",
    "Qtde Confirmada": "Qtde Confirmada",
    "Emissão Nf": "Emissão Nf",
    "Nota Fiscal": "Nota Fiscal",
    "Pedido": "Pedido"
  },
  {
    "Fornecedor": "Amanco",
    "Descrição": "AMANCO PR - ELETRODUTO CORRUGADO DN32X25M",
    "Qtde Confirmada": "25",
    "Emissão Nf": "22/01/2026",
    "Nota Fiscal": "1324492-001",
    "Pedido": "4500489032"
  },
  {
    "Fornecedor": "Amanco",
    "Descrição": "AMANCO PR - TUBO DESC LGO EXT CX DESCARGA DN40X1,60M",
    "Qtde Confirmada": "30",
    "Emissão Nf": "15/01/2026",
    "Nota Fiscal": "2401519-001",
    "Pedido": "4500479289"
  },
  {
    "Fornecedor": "Amanco",
    "Descrição": "AMANCO PR - TUBO DESC LGO EXT CX DESCARGA DN40X1,60M",
    "Qtde Confirmada": "120",
    "Emissão Nf": "15/01/2026",
    "Nota Fiscal": "2401522-001",
    "Pedido": "4500481501"
  },
  {
    "Fornecedor": "Amanco",
    "Descrição": "AMANCO PR - TUBO DESC LGO EXT CX DESCARGA DN40X1,60M",
    "Qtde Confirmada": "120",
    "Emissão Nf": "15/01/2026",
    "Nota Fiscal": "2401521-001",
    "Pedido": "4500481465"
  },
  {
    "Fornecedor": "Amanco",
    "Descrição": "AMANCO PR - JOELHO 90 ESG SR DN40 CB",
    "Qtde Confirmada": "20",
    "Emissão Nf": "15/01/2026",
    "Nota Fiscal": "2401522-001",
    "Pedido": "4500481501"
  },
  {
    "Fornecedor": "Amanco",
    "Descrição": "AMANCO PR - JOELHO 90 ESG SR DN40 CB",
    "Qtde Confirmada": "20",
    "Emissão Nf": "15/01/2026",
    "Nota Fiscal": "2401471-001",
    "Pedido": "4500481465"
  },
  {
    "Fornecedor": "Amanco",
    "Descrição": "AMANCO PR - JOELHO 90 ESG SR DN50 CB",
    "Qtde Confirmada": "30",
    "Emissão Nf": "15/01/2026",
    "Nota Fiscal": "2401522-001",
    "Pedido": "4500481501"
  },
  {
    "Fornecedor": "Amanco",
    "Descrição": "AMANCO PR - JOELHO 90 ESG SR DN50 CB",
    "Qtde Confirmada": "30",
    "Emissão Nf": "15/01/2026",
    "Nota Fiscal": "2401521-001",
    "Pedido": "4500481465"
  },
  {
    "Fornecedor": "Amanco",
    "Descrição": "AMANCO PR - JUNCAO SIMP ESG SR DN75 CB",
    "Qtde Confirmada": "8",
    "Emissão Nf": "15/01/2026",
    "Nota Fiscal": "2401522-001",
    "Pedido": "4500481501"
  },
  {
    "Fornecedor": "Amanco",
    "Descrição": "AMANCO PR - JUNCAO SIMP ESG SR DN75 CB",
    "Qtde Confirmada": "8",
    "Emissão Nf": "15/01/2026",
    "Nota Fiscal": "2401521-001",
    "Pedido": "4500481465"
  },
  {
    "Fornecedor": "Amanco",
    "Descrição": "AMANCO PR - LUVA SIMP ESG SR DN50 CB",
    "Qtde Confirmada": "10",
    "Emissão Nf": "15/01/2026",
    "Nota Fiscal": "2401522-001",
    "Pedido": "4500481501"
  },
  {
    "Fornecedor": "Amanco",
    "Descrição": "AMANCO PR - LUVA SIMP ESG SR DN50 CB",
    "Qtde Confirmada": "10",
    "Emissão Nf": "15/01/2026",
    "Nota Fiscal": "2401471-001",
    "Pedido": "4500481465"
  },
  {
    "Fornecedor": "Amanco",
    "Descrição": "AMANCO PR - UNIAO SOLD 85MM CB",
    "Qtde Confirmada": "12",
    "Emissão Nf": "15/01/2026",
    "Nota Fiscal": "2401519-001",
    "Pedido": "4500479289"
  },
  {
    "Fornecedor": "Amanco",
    "Descrição": "AMANCO PR - UNIAO SOLD 110MM",
    "Qtde Confirmada": "2",
    "Emissão Nf": "15/01/2026",
    "Nota Fiscal": "2401520-001",
    "Pedido": "4500479289"
  },
  {
    "Fornecedor": "Amanco",
    "Descrição": "AMANCO PR - UNIAO SOLD 110MM",
    "Qtde Confirmada": "1",
    "Emissão Nf": "15/01/2026",
    "Nota Fiscal": "2401522-001",
    "Pedido": "4500481501"
  },
  {
    "Fornecedor": "Amanco",
    "Descrição": "AMANCO PR - UNIAO SOLD 110MM",
    "Qtde Confirmada": "1",
    "Emissão Nf": "15/01/2026",
    "Nota Fiscal": "2401471-001",
    "Pedido": "4500481465"
  },
  {
    "Fornecedor": "Amanco",
    "Descrição": "AMANCO PR - TUBO DESC VALV DESCARG JOELHO DN38X832MM",
    "Qtde Confirmada": "80",
    "Emissão Nf": "15/01/2026",
    "Nota Fiscal": "2401519-001",
    "Pedido": "4500479289"
  },
  {
    "Fornecedor": "Amanco",
    "Descrição": "AMANCO PR - TUBO DESC VALV DESCARG JOELHO DN38X832MM",
    "Qtde Confirmada": "100",
    "Emissão Nf": "15/01/2026",
    "Nota Fiscal": "2401522-001",
    "Pedido": "4500481501"
  },
  {
    "Fornecedor": "Amanco",
    "Descrição": "AMANCO PR - TUBO DESC VALV DESCARG JOELHO DN38X832MM",
    "Qtde Confirmada": "100",
    "Emissão Nf": "15/01/2026",
    "Nota Fiscal": "2401521-001",
    "Pedido": "4500481465"
  },
  {
    "Fornecedor": "Amanco",
    "Descrição": "AMANCO PR - ADAPT SOLD CTO BOLSA/ROSCA 85MMX3 CB",
    "Qtde Confirmada": "6",
    "Emissão Nf": "15/01/2026",
    "Nota Fiscal": "2401522-001",
    "Pedido": "4500481501"
  },
  {
    "Fornecedor": "Amanco",
    "Descrição": "AMANCO PR - ADAPT SOLD CTO BOLSA/ROSCA 85MMX3 CB",
    "Qtde Confirmada": "6",
    "Emissão Nf": "15/01/2026",
    "Nota Fiscal": "2401521-001",
    "Pedido": "4500481465"
  },
  {
    "Fornecedor": "Amanco",
    "Descrição": "AMANCO PR - BUCHA RED SOLD CTA 75X60MM CB",
    "Qtde Confirmada": "10",
    "Emissão Nf": "15/01/2026",
    "Nota Fiscal": "2401522-001",
    "Pedido": "4500481501"
  },
  {
    "Fornecedor": "Amanco",
    "Descrição": "AMANCO PR - BUCHA RED SOLD CTA 75X60MM CB",
    "Qtde Confirmada": "10",
    "Emissão Nf": "15/01/2026",
    "Nota Fiscal": "2401521-001",
    "Pedido": "4500481465"
  },
  {
    "Fornecedor": "Amanco",
    "Descrição": "AMANCO PR - BUCHA RED SOLD CTA 85X75MM CB",
    "Qtde Confirmada": "5",
    "Emissão Nf": "15/01/2026",
    "Nota Fiscal": "2401522-001",
    "Pedido": "4500481501"
  },
  {
    "Fornecedor": "Amanco",
    "Descrição": "AMANCO PR - BUCHA RED SOLD CTA 85X75MM CB",
    "Qtde Confirmada": "5",
    "Emissão Nf": "15/01/2026",
    "Nota Fiscal": "2401471-001",
    "Pedido": "4500481465"
  },
  {
    "Fornecedor": "Amanco",
    "Descrição": "AMANCO PR - BUCHA RED SOLD CTA 110X85MM CB",
    "Qtde Confirmada": "5",
    "Emissão Nf": "15/01/2026",
    "Nota Fiscal": "2401522-001",
    "Pedido": "4500481501"
  },
  {
    "Fornecedor": "Amanco",
    "Descrição": "AMANCO PR - BUCHA RED SOLD CTA 110X85MM CB",
    "Qtde Confirmada": "5",
    "Emissão Nf": "15/01/2026",
    "Nota Fiscal": "2401521-001",
    "Pedido": "4500481465"
  },
  {
    "Fornecedor": "Amanco",
    "Descrição": "AMANCO PR - BUCHA RED SOLD LGA 75X50MM CB",
    "Qtde Confirmada": "10",
    "Emissão Nf": "15/01/2026",
    "Nota Fiscal": "2401522-001",
    "Pedido": "4500481501"
  },
  {
    "Fornecedor": "Amanco",
    "Descrição": "AMANCO PR - BUCHA RED SOLD LGA 75X50MM CB",
    "Qtde Confirmada": "10",
    "Emissão Nf": "15/01/2026",
    "Nota Fiscal": "2401521-001",
    "Pedido": "4500481465"
  },
  {
    "Fornecedor": "Amanco",
    "Descrição": "AMANCO PR - CAP SOLD 75MM CB",
    "Qtde Confirmada": "5",
    "Emissão Nf": "15/01/2026",
    "Nota Fiscal": "2401522-001",
    "Pedido": "4500481501"
  },
  {
    "Fornecedor": "Amanco",
    "Descrição": "AMANCO PR - CAP SOLD 75MM CB",
    "Qtde Confirmada": "5",
    "Emissão Nf": "15/01/2026",
    "Nota Fiscal": "2401471-001",
    "Pedido": "4500481465"
  },
  {
    "Fornecedor": "Amanco",
    "Descrição": "AMANCO PR - CAP SOLD 110MM CB",
    "Qtde Confirmada": "5",
    "Emissão Nf": "15/01/2026",
    "Nota Fiscal": "2401522-001",
    "Pedido": "4500481501"
  },
  {
    "Fornecedor": "Amanco",
    "Descrição": "AMANCO PR - CAP SOLD 110MM CB",
    "Qtde Confirmada": "5",
    "Emissão Nf": "15/01/2026",
    "Nota Fiscal": "2401521-001",
    "Pedido": "4500481465"
  },
  {
    "Fornecedor": "Amanco",
    "Descrição": "AMANCO PR - CURVA 90 SOLD 75MM CB",
    "Qtde Confirmada": "2",
    "Emissão Nf": "15/01/2026",
    "Nota Fiscal": "2401522-001",
    "Pedido": "4500481501"
  },
  {
    "Fornecedor": "Amanco",
    "Descrição": "AMANCO PR - CURVA 90 SOLD 75MM CB",
    "Qtde Confirmada": "2",
    "Emissão Nf": "15/01/2026",
    "Nota Fiscal": "2401521-001",
    "Pedido": "4500481465"
  },
  {
    "Fornecedor": "Amanco",
    "Descrição": "AMANCO PR - JOELHO 45 SOLD 75MM CB",
    "Qtde Confirmada": "5",
    "Emissão Nf": "15/01/2026",
    "Nota Fiscal": "2401522-001",
    "Pedido": "4500481501"
  },
  {
    "Fornecedor": "Amanco",
    "Descrição": "AMANCO PR - JOELHO 45 SOLD 75MM CB",
    "Qtde Confirmada": "5",
    "Emissão Nf": "15/01/2026",
    "Nota Fiscal": "2401521-001",
    "Pedido": "4500481465"
  },
  {
    "Fornecedor": "Amanco",
    "Descrição": "AMANCO PR - JOELHO 90 SOLD 75MM CB",
    "Qtde Confirmada": "10",
    "Emissão Nf": "15/01/2026",
    "Nota Fiscal": "2401522-001",
    "Pedido": "4500481501"
  },
  {
    "Fornecedor": "Amanco",
    "Descrição": "AMANCO PR - JOELHO 90 SOLD 75MM CB",
    "Qtde Confirmada": "10",
    "Emissão Nf": "15/01/2026",
    "Nota Fiscal": "2401521-001",
    "Pedido": "4500481465"
  },
  {
    "Fornecedor": "Amanco",
    "Descrição": "AMANCO PR - JOELHO 90 SOLD 85MM CB",
    "Qtde Confirmada": "6",
    "Emissão Nf": "15/01/2026",
    "Nota Fiscal": "2401522-001",
    "Pedido": "4500481501"
  },
  {
    "Fornecedor": "Amanco",
    "Descrição": "AMANCO PR - JOELHO 90 SOLD 85MM CB",
    "Qtde Confirmada": "6",
    "Emissão Nf": "15/01/2026",
    "Nota Fiscal": "2401521-001",
    "Pedido": "4500481465"
  },
  {
    "Fornecedor": "Amanco",
    "Descrição": "AMANCO PR - JOELHO 90 SOLD 110MM CB",
    "Qtde Confirmada": "5",
    "Emissão Nf": "15/01/2026",
    "Nota Fiscal": "2401519-001",
    "Pedido": "4500479289"
  },
  {
    "Fornecedor": "Amanco",
    "Descrição": "AMANCO PR - JOELHO 90 SOLD 110MM CB",
    "Qtde Confirmada": "3",
    "Emissão Nf": "15/01/2026",
    "Nota Fiscal": "2401522-001",
    "Pedido": "4500481501"
  },
  {
    "Fornecedor": "Amanco",
    "Descrição": "AMANCO PR - JOELHO 90 SOLD 110MM CB",
    "Qtde Confirmada": "3",
    "Emissão Nf": "15/01/2026",
    "Nota Fiscal": "2401521-001",
    "Pedido": "4500481465"
  },
  {
    "Fornecedor": "Amanco",
    "Descrição": "AMANCO PR - LUVA RED SOLD 75X60MM CB",
    "Qtde Confirmada": "8",
    "Emissão Nf": "15/01/2026",
    "Nota Fiscal": "2401519-001",
    "Pedido": "4500479289"
  },
  {
    "Fornecedor": "Amanco",
    "Descrição": "AMANCO PR - LUVA RED SOLD 75X60MM CB",
    "Qtde Confirmada": "8",
    "Emissão Nf": "15/01/2026",
    "Nota Fiscal": "2401522-001",
    "Pedido": "4500481501"
  },
  {
    "Fornecedor": "Amanco",
    "Descrição": "AMANCO PR - LUVA RED SOLD 75X60MM CB",
    "Qtde Confirmada": "8",
    "Emissão Nf": "15/01/2026",
    "Nota Fiscal": "2401521-001",
    "Pedido": "4500481465"
  },
  {
    "Fornecedor": "Amanco",
    "Descrição": "AMANCO PR - LUVA SOLD 75MM CB",
    "Qtde Confirmada": "10",
    "Emissão Nf": "15/01/2026",
    "Nota Fiscal": "2401522-001",
    "Pedido": "4500481501"
  },
  {
    "Fornecedor": "Amanco",
    "Descrição": "AMANCO PR - LUVA SOLD 75MM CB",
    "Qtde Confirmada": "10",
    "Emissão Nf": "15/01/2026",
    "Nota Fiscal": "2401521-001",
    "Pedido": "4500481465"
  },
  {
    "Fornecedor": "Amanco",
    "Descrição": "AMANCO PR - LUVA SOLD 85MM CB",
    "Qtde Confirmada": "9",
    "Emissão Nf": "15/01/2026",
    "Nota Fiscal": "2401522-001",
    "Pedido": "4500481501"
  },
  {
    "Fornecedor": "Amanco",
    "Descrição": "AMANCO PR - LUVA SOLD 85MM CB",
    "Qtde Confirmada": "9",
    "Emissão Nf": "15/01/2026",
    "Nota Fiscal": "2401521-001",
    "Pedido": "4500481465"
  },
  {
    "Fornecedor": "Amanco",
    "Descrição": "AMANCO PR - LUVA SOLD 110MM CB",
    "Qtde Confirmada": "3",
    "Emissão Nf": "15/01/2026",
    "Nota Fiscal": "2401522-001",
    "Pedido": "4500481501"
  },
  {
    "Fornecedor": "Amanco",
    "Descrição": "AMANCO PR - LUVA SOLD 110MM CB",
    "Qtde Confirmada": "3",
    "Emissão Nf": "15/01/2026",
    "Nota Fiscal": "2401521-001",
    "Pedido": "4500481465"
  },
  {
    "Fornecedor": "Amanco",
    "Descrição": "AMANCO PR - TE RED SOLD 85X60MM CB",
    "Qtde Confirmada": "6",
    "Emissão Nf": "15/01/2026",
    "Nota Fiscal": "2401522-001",
    "Pedido": "4500481501"
  },
  {
    "Fornecedor": "Amanco",
    "Descrição": "AMANCO PR - TE RED SOLD 85X60MM CB",
    "Qtde Confirmada": "6",
    "Emissão Nf": "15/01/2026",
    "Nota Fiscal": "2401521-001",
    "Pedido": "4500481465"
  },
  {
    "Fornecedor": "Amanco",
    "Descrição": "AMANCO PR - UNIAO SOLD 75MM CB",
    "Qtde Confirmada": "8",
    "Emissão Nf": "15/01/2026",
    "Nota Fiscal": "2401522-001",
    "Pedido": "4500481501"
  },
  {
    "Fornecedor": "Amanco",
    "Descrição": "AMANCO PR - UNIAO SOLD 75MM CB",
    "Qtde Confirmada": "8",
    "Emissão Nf": "15/01/2026",
    "Nota Fiscal": "2401521-001",
    "Pedido": "4500481465"
  },
  {
    "Fornecedor": "",
    "Descrição": "",
    "Qtde Confirmada": "",
    "Emissão Nf": "",
    "Nota Fiscal": "",
    "Pedido": ""
  },
  {
    "Fornecedor": "Fornecedor",
    "Descrição": "Descrição",
    "Qtde Confirmada": "Qtde Confirmada",
    "Emissão Nf": "Emissão Nf",
    "Nota Fiscal": "Nota Fiscal",
    "Pedido": "Pedido"
  },
  {
    "Fornecedor": "Firlon",
    "Descrição": "FITA V ROSCA FIRLON 18MMX50M CX30ROLOS",
    "Qtde Confirmada": "660",
    "Emissão Nf": "12/01/2026",
    "Nota Fiscal": "078419-001",
    "Pedido": "4500490133"
  },
  {
    "Fornecedor": "Firlon",
    "Descrição": "FITA V ROSCA FIRLON 12MMX25M CX30ROLOS",
    "Qtde Confirmada": "90",
    "Emissão Nf": "12/01/2026",
    "Nota Fiscal": "078419-001",
    "Pedido": "4500490133"
  },
  {
    "Fornecedor": "Firlon",
    "Descrição": "FITA V ROSCA FIRLON MD-GAS CARRETEL 18MMX25M CX 30",
    "Qtde Confirmada": "60",
    "Emissão Nf": "12/01/2026",
    "Nota Fiscal": "078419-001",
    "Pedido": "4500490133"
  },
  {
    "Fornecedor": "",
    "Descrição": "",
    "Qtde Confirmada": "",
    "Emissão Nf": "",
    "Nota Fiscal": "",
    "Pedido": ""
  },
  {
    "Fornecedor": "Fornecedor",
    "Descrição": "Descrição",
    "Qtde Confirmada": "Qtde Confirmada",
    "Emissão Nf": "Emissão Nf",
    "Nota Fiscal": "Nota Fiscal",
    "Pedido": "Pedido"
  },
  {
    "Fornecedor": "HTH",
    "Descrição": "HTH ELEVADOR DE PH LIQ FR(16X1L)",
    "Qtde Confirmada": "128",
    "Emissão Nf": "13/01/2026",
    "Nota Fiscal": "321539-002",
    "Pedido": "4500487823"
  },
  {
    "Fornecedor": "HTH",
    "Descrição": "HTH ELEVADOR DE PH LIQ FR(16X1L)",
    "Qtde Confirmada": "80",
    "Emissão Nf": "12/01/2026",
    "Nota Fiscal": "321480-002",
    "Pedido": "4500485653"
  },
  {
    "Fornecedor": "HTH",
    "Descrição": "HTH SOS AGUA DE POCO FR (16X1L)",
    "Qtde Confirmada": "80",
    "Emissão Nf": "12/01/2026",
    "Nota Fiscal": "321480-002",
    "Pedido": "4500485653"
  },
  {
    "Fornecedor": "HTH",
    "Descrição": "HTH SOS AGUA TURVA FR (16X1L)",
    "Qtde Confirmada": "112",
    "Emissão Nf": "13/01/2026",
    "Nota Fiscal": "321539-002",
    "Pedido": "4500487823"
  },
  {
    "Fornecedor": "HTH",
    "Descrição": "HTH SOS AGUA TURVA FR (16X1L)",
    "Qtde Confirmada": "112",
    "Emissão Nf": "12/01/2026",
    "Nota Fiscal": "321480-002",
    "Pedido": "4500485653"
  },
  {
    "Fornecedor": "HTH",
    "Descrição": "HTH ALGICIDA CHOQUE FR (16X1L)",
    "Qtde Confirmada": "96",
    "Emissão Nf": "13/01/2026",
    "Nota Fiscal": "321539-002",
    "Pedido": "4500487823"
  },
  {
    "Fornecedor": "HTH",
    "Descrição": "Descrição",
    "Qtde Confirmada": "Qtde Confirmada",
    "Emissão Nf": "Emissão Nf",
    "Nota Fiscal": "Nota Fiscal",
    "Pedido": "Pedido"
  },
  {
    "Fornecedor": "HTH",
    "Descrição": "HTH ALGICIDA CHOQUE FR (16X1L)",
    "Qtde Confirmada": "80",
    "Emissão Nf": "12/01/2026",
    "Nota Fiscal": "321480-002",
    "Pedido": "4500485653"
  },
  {
    "Fornecedor": "HTH",
    "Descrição": "HTH ALGICIDA CHOQUE RFL 900ML PC16X900ML",
    "Qtde Confirmada": "16",
    "Emissão Nf": "12/01/2026",
    "Nota Fiscal": "321480-002",
    "Pedido": "4500485653"
  },
  {
    "Fornecedor": "HTH",
    "Descrição": "HTH CLARIFICA MAXFLOC FR (4X5L)",
    "Qtde Confirmada": "8",
    "Emissão Nf": "13/01/2026",
    "Nota Fiscal": "321539-002",
    "Pedido": "4500487823"
  },
  {
    "Fornecedor": "HTH",
    "Descrição": "HTH CLARIFICA MAXFLOC FR (4X5L)",
    "Qtde Confirmada": "20",
    "Emissão Nf": "12/01/2026",
    "Nota Fiscal": "321480-002",
    "Pedido": "4500485653"
  },
  {
    "Fornecedor": "HTH",
    "Descrição": "PACE TRIPLE ACTION TABLET 200G CX 16KG",
    "Qtde Confirmada": "800",
    "Emissão Nf": "08/01/2026",
    "Nota Fiscal": "321339-002",
    "Pedido": "4500485655"
  },
  {
    "Fornecedor": "HTH",
    "Descrição": "PACE TRIPLE ACTION TABLET 200G CX 16KG",
    "Qtde Confirmada": "240",
    "Emissão Nf": "13/01/2026",
    "Nota Fiscal": "321539-002",
    "Pedido": "4500487823"
  },
  {
    "Fornecedor": "HTH",
    "Descrição": "Descrição",
    "Qtde Confirmada": "Qtde Confirmada",
    "Emissão Nf": "Emissão Nf",
    "Nota Fiscal": "Nota Fiscal",
    "Pedido": "Pedido"
  },
  {
    "Fornecedor": "HTH",
    "Descrição": "PACE TRIPLE ACTION TABLET 200G CX 16KG",
    "Qtde Confirmada": "160",
    "Emissão Nf": "13/01/2026",
    "Nota Fiscal": "321533-002",
    "Pedido": "4500489283"
  },
  {
    "Fornecedor": "HTH",
    "Descrição": "HTH FITA TESTE 25UN TUBO (16X1)",
    "Qtde Confirmada": "16",
    "Emissão Nf": "13/01/2026",
    "Nota Fiscal": "321539-002",
    "Pedido": "4500487823"
  },
  {
    "Fornecedor": "HTH",
    "Descrição": "HTH ELEVADOR ALCALINIDADE SC (5X2KG)",
    "Qtde Confirmada": "60",
    "Emissão Nf": "13/01/2026",
    "Nota Fiscal": "321539-002",
    "Pedido": "4500487823"
  },
  {
    "Fornecedor": "HTH",
    "Descrição": "HTH ELEVADOR ALCALINIDADE SC (5X2KG)",
    "Qtde Confirmada": "45",
    "Emissão Nf": "12/01/2026",
    "Nota Fiscal": "321480-002",
    "Pedido": "4500485653"
  },
  {
    "Fornecedor": "HTH",
    "Descrição": "HTH CLARIFICA MAXFLOC FR (16X1L)",
    "Qtde Confirmada": "288",
    "Emissão Nf": "13/01/2026",
    "Nota Fiscal": "321539-002",
    "Pedido": "4500487823"
  },
  {
    "Fornecedor": "HTH",
    "Descrição": "HTH CLARIFICA MAXFLOC FR (16X1L)",
    "Qtde Confirmada": "160",
    "Emissão Nf": "12/01/2026",
    "Nota Fiscal": "321480-002",
    "Pedido": "4500485653"
  },
  {
    "Fornecedor": "HTH",
    "Descrição": "Descrição",
    "Qtde Confirmada": "Qtde Confirmada",
    "Emissão Nf": "Emissão Nf",
    "Nota Fiscal": "Nota Fiscal",
    "Pedido": "Pedido"
  },
  {
    "Fornecedor": "HTH",
    "Descrição": "HTH MAXFLOC RFL 900ML PC(16X0,9L)",
    "Qtde Confirmada": "16",
    "Emissão Nf": "13/01/2026",
    "Nota Fiscal": "321539-002",
    "Pedido": "4500487823"
  },
  {
    "Fornecedor": "HTH",
    "Descrição": "HTH MAXFLOC RFL 900ML PC(16X0,9L)",
    "Qtde Confirmada": "32",
    "Emissão Nf": "13/01/2026",
    "Nota Fiscal": "321533-002",
    "Pedido": "4500489283"
  },
  {
    "Fornecedor": "HTH",
    "Descrição": "HTH PREVINE AGUA VERDE FR (16X1L)",
    "Qtde Confirmada": "64",
    "Emissão Nf": "13/01/2026",
    "Nota Fiscal": "321539-002",
    "Pedido": "4500487823"
  },
  {
    "Fornecedor": "HTH",
    "Descrição": "HTH LIMPA BORDAS FR (16X1L)",
    "Qtde Confirmada": "64",
    "Emissão Nf": "13/01/2026",
    "Nota Fiscal": "321539-002",
    "Pedido": "4500487823"
  },
  {
    "Fornecedor": "HTH",
    "Descrição": "HTH LIMPA BORDAS FR (16X1L)",
    "Qtde Confirmada": "32",
    "Emissão Nf": "12/01/2026",
    "Nota Fiscal": "321480-002",
    "Pedido": "4500485653"
  },
  {
    "Fornecedor": "HTH",
    "Descrição": "HTH ULTRACLEAR FR (16X1L)",
    "Qtde Confirmada": "48",
    "Emissão Nf": "13/01/2026",
    "Nota Fiscal": "321539-002",
    "Pedido": "4500487823"
  },
  {
    "Fornecedor": "HTH",
    "Descrição": "Descrição",
    "Qtde Confirmada": "Qtde Confirmada",
    "Emissão Nf": "Emissão Nf",
    "Nota Fiscal": "Nota Fiscal",
    "Pedido": "Pedido"
  },
  {
    "Fornecedor": "HTH",
    "Descrição": "HTH ULTRACLEAR FR (16X1L)",
    "Qtde Confirmada": "32",
    "Emissão Nf": "12/01/2026",
    "Nota Fiscal": "321480-002",
    "Pedido": "4500485653"
  },
  {
    "Fornecedor": "HTH",
    "Descrição": "HTH ULTRACLEAR REFIL 900ML PC(16X900L)",
    "Qtde Confirmada": "16",
    "Emissão Nf": "13/01/2026",
    "Nota Fiscal": "321539-002",
    "Pedido": "4500487823"
  },
  {
    "Fornecedor": "HTH",
    "Descrição": "HTH ELEVADOR DE PH PC (12X1,5KG)",
    "Qtde Confirmada": "36",
    "Emissão Nf": "13/01/2026",
    "Nota Fiscal": "321539-002",
    "Pedido": "4500487823"
  },
  {
    "Fornecedor": "HTH",
    "Descrição": "HTH ELIMINA OLEOSIDADE FR (16X1L)",
    "Qtde Confirmada": "32",
    "Emissão Nf": "13/01/2026",
    "Nota Fiscal": "321539-002",
    "Pedido": "4500487823"
  },
  {
    "Fornecedor": "HTH",
    "Descrição": "HTH ELIMINA OLEOSIDADE FR (16X1L)",
    "Qtde Confirmada": "16",
    "Emissão Nf": "12/01/2026",
    "Nota Fiscal": "321480-002",
    "Pedido": "4500485653"
  },
  {
    "Fornecedor": "HTH",
    "Descrição": "HTH CLORO TRADICIONAL 65 BD 10KG",
    "Qtde Confirmada": "71",
    "Emissão Nf": "13/01/2026",
    "Nota Fiscal": "321539-002",
    "Pedido": "4500487823"
  },
  {
    "Fornecedor": "HTH",
    "Descrição": "HTH CLORO TRADICIONAL 65 BD 10KG",
    "Qtde Confirmada": "103",
    "Emissão Nf": "12/01/2026",
    "Nota Fiscal": "321480-002",
    "Pedido": "4500485653"
  },
  {
    "Fornecedor": "HTH",
    "Descrição": "PACE ACAO TOTAL SC (16X1KG)",
    "Qtde Confirmada": "32",
    "Emissão Nf": "13/01/2026",
    "Nota Fiscal": "321533-002",
    "Pedido": "4500489283"
  }
]