[
 {
   "FIELD1": "Cliente",
   "AGENDAMENTOS POR FORNECEDOR": "OBRAMAX",
   "FIELD3": "",
   "FIELD4": "",
   "FIELD5": "",
   "FIELD6": "",
   "FIELD7": "",
   "FIELD8": "",
   "FIELD9": "",
   "FIELD10": "",
   "FIELD11": "",
   "FIELD12": ""
 },
 {
   "FIELD1": "Número Pedido",
   "AGENDAMENTOS POR FORNECEDOR": "Número Nota Fiscal",
   "FIELD3": "Código Produto",
   "FIELD4": "Produto",
   "FIELD5": "Qtde. Agendada",
   "FIELD6": "Qtde. Confirmada NF",
   "FIELD7": "Data Início Agendamento",
   "FIELD8": "Data Fim Agendamento",
   "FIELD9": "Id. Agendamento",
   "FIELD10": "Local de Entrega",
   "FIELD11": "Doca de Entrega",
   "FIELD12": "Fornecedor"
 },
 {
   "FIELD1": "4500505305",
   "AGENDAMENTOS POR FORNECEDOR": "1977789-001",
   "FIELD3": "89011314",
   "FIELD4": "QUADRO DIST EMB S/ BARR P/ 12/16DISJ BR",
   "FIELD5": "16",
   "FIELD6": "16",
   "FIELD7": "26/02/2026 10:00",
   "FIELD8": "26/02/2026 12:00",
   "FIELD9": "8000469588",
   "FIELD10": "23.476.033/0018-56 - OBRAMAX - DUQUE DE CAXIAS",
   "FIELD11": "HIDRÁULICA",
   "FIELD12": "08.862.530/0011-22 - TIGRE TUBOS"
 },
 {
   "FIELD1": "4500505305",
   "AGENDAMENTOS POR FORNECEDOR": "1977789-001",
   "FIELD3": "89011573",
   "FIELD4": "CAIXINHA EMBUTIR 4X2 AM TIGRE",
   "FIELD5": "504",
   "FIELD6": "504",
   "FIELD7": "26/02/2026 10:00",
   "FIELD8": "26/02/2026 12:00",
   "FIELD9": "8000469588",
   "FIELD10": "23.476.033/0018-56 - OBRAMAX - DUQUE DE CAXIAS",
   "FIELD11": "HIDRÁULICA",
   "FIELD12": "08.862.530/0011-22 - TIGRE TUBOS"
 },
 {
   "FIELD1": "4500505305",
   "AGENDAMENTOS POR FORNECEDOR": "1977789-001",
   "FIELD3": "89365150",
   "FIELD4": "BARRAMENTO NEUTRO E TERRA 10FUROS",
   "FIELD5": "23",
   "FIELD6": "23",
   "FIELD7": "26/02/2026 10:00",
   "FIELD8": "26/02/2026 12:00",
   "FIELD9": "8000469588",
   "FIELD10": "23.476.033/0018-56 - OBRAMAX - DUQUE DE CAXIAS",
   "FIELD11": "HIDRÁULICA",
   "FIELD12": "08.862.530/0011-22 - TIGRE TUBOS"
 },
 {
   "FIELD1": "4500505305",
   "AGENDAMENTOS POR FORNECEDOR": "1977789-001",
   "FIELD3": "89011321",
   "FIELD4": "QUADRO DIST EMB S/ BARR P/ 18/24DISJ BR",
   "FIELD5": "4",
   "FIELD6": "4",
   "FIELD7": "26/02/2026 10:00",
   "FIELD8": "26/02/2026 12:00",
   "FIELD9": "8000469588",
   "FIELD10": "23.476.033/0018-56 - OBRAMAX - DUQUE DE CAXIAS",
   "FIELD11": "HIDRÁULICA",
   "FIELD12": "08.862.530/0011-22 - TIGRE TUBOS"
 },
 {
   "FIELD1": "4500505305",
   "AGENDAMENTOS POR FORNECEDOR": "1977789-001",
   "FIELD3": "89011335",
   "FIELD4": "QUADRO DIST EMB S/ BARR P/ 27/36DISJ BR",
   "FIELD5": "2",
   "FIELD6": "2",
   "FIELD7": "26/02/2026 10:00",
   "FIELD8": "26/02/2026 12:00",
   "FIELD9": "8000469588",
   "FIELD10": "23.476.033/0018-56 - OBRAMAX - DUQUE DE CAXIAS",
   "FIELD11": "HIDRÁULICA",
   "FIELD12": "08.862.530/0011-22 - TIGRE TUBOS"
 },
 {
   "FIELD1": "4500505305",
   "AGENDAMENTOS POR FORNECEDOR": "1977789-001",
   "FIELD3": "89011356",
   "FIELD4": "QUADRO DIST EMB S/ BARR P/ 6/8DISJ BR",
   "FIELD5": "8",
   "FIELD6": "8",
   "FIELD7": "26/02/2026 10:00",
   "FIELD8": "26/02/2026 12:00",
   "FIELD9": "8000469588",
   "FIELD10": "23.476.033/0018-56 - OBRAMAX - DUQUE DE CAXIAS",
   "FIELD11": "HIDRÁULICA",
   "FIELD12": "08.862.530/0011-22 - TIGRE TUBOS"
 },
 {
   "FIELD1": "4500505305",
   "AGENDAMENTOS POR FORNECEDOR": "1977789-001",
   "FIELD3": "89011433",
   "FIELD4": "QUADRO DIST SOB S/ BARR P/ 18/24 DISJ BR",
   "FIELD5": "2",
   "FIELD6": "2",
   "FIELD7": "26/02/2026 10:00",
   "FIELD8": "26/02/2026 12:00",
   "FIELD9": "8000469588",
   "FIELD10": "23.476.033/0018-56 - OBRAMAX - DUQUE DE CAXIAS",
   "FIELD11": "HIDRÁULICA",
   "FIELD12": "08.862.530/0011-22 - TIGRE TUBOS"
 },
 {
   "FIELD1": "4500505305",
   "AGENDAMENTOS POR FORNECEDOR": "1977789-001",
   "FIELD3": "89011146",
   "FIELD4": "BARRAMENTO NEUTRO E TERRA 12POS",
   "FIELD5": "5",
   "FIELD6": "5",
   "FIELD7": "26/02/2026 10:00",
   "FIELD8": "26/02/2026 12:00",
   "FIELD9": "8000469588",
   "FIELD10": "23.476.033/0018-56 - OBRAMAX - DUQUE DE CAXIAS",
   "FIELD11": "HIDRÁULICA",
   "FIELD12": "08.862.530/0011-22 - TIGRE TUBOS"
 },
 {
   "FIELD1": "4500505305",
   "AGENDAMENTOS POR FORNECEDOR": "1977789-001",
   "FIELD3": "89011566",
   "FIELD4": "CAIXINHA EMBUTIR 4x4 AM TIGRE",
   "FIELD5": "84",
   "FIELD6": "84",
   "FIELD7": "26/02/2026 10:00",
   "FIELD8": "26/02/2026 12:00",
   "FIELD9": "8000469588",
   "FIELD10": "23.476.033/0018-56 - OBRAMAX - DUQUE DE CAXIAS",
   "FIELD11": "HIDRÁULICA",
   "FIELD12": "08.862.530/0011-22 - TIGRE TUBOS"
 },
 {
   "FIELD1": "4500505305",
   "AGENDAMENTOS POR FORNECEDOR": "1977789-001",
   "FIELD3": "89011363",
   "FIELD4": "QUADRO DIST EMB SLIM S/ BARR P/ 12DISJ",
   "FIELD5": "4",
   "FIELD6": "4",
   "FIELD7": "26/02/2026 10:00",
   "FIELD8": "26/02/2026 12:00",
   "FIELD9": "8000469588",
   "FIELD10": "23.476.033/0018-56 - OBRAMAX - DUQUE DE CAXIAS",
   "FIELD11": "HIDRÁULICA",
   "FIELD12": "08.862.530/0011-22 - TIGRE TUBOS"
 },
 {
   "FIELD1": "4500505305",
   "AGENDAMENTOS POR FORNECEDOR": "1977789-001",
   "FIELD3": "89011440",
   "FIELD4": "QUADRO DIST SOB S/ BARR P/ 3/4DISJ BR",
   "FIELD5": "8",
   "FIELD6": "8",
   "FIELD7": "26/02/2026 10:00",
   "FIELD8": "26/02/2026 12:00",
   "FIELD9": "8000469588",
   "FIELD10": "23.476.033/0018-56 - OBRAMAX - DUQUE DE CAXIAS",
   "FIELD11": "HIDRÁULICA",
   "FIELD12": "08.862.530/0011-22 - TIGRE TUBOS"
 },
 {
   "FIELD1": "4500505305",
   "AGENDAMENTOS POR FORNECEDOR": "1977789-001",
   "FIELD3": "89011664",
   "FIELD4": "KIT SUPORTE CAIXINHA TETO OCTOG 4X4",
   "FIELD5": "21",
   "FIELD6": "21",
   "FIELD7": "26/02/2026 10:00",
   "FIELD8": "26/02/2026 12:00",
   "FIELD9": "8000469588",
   "FIELD10": "23.476.033/0018-56 - OBRAMAX - DUQUE DE CAXIAS",
   "FIELD11": "HIDRÁULICA",
   "FIELD12": "08.862.530/0011-22 - TIGRE TUBOS"
 },
 {
   "FIELD1": "4500506250",
   "AGENDAMENTOS POR FORNECEDOR": "1978133-001",
   "FIELD3": "89197724",
   "FIELD4": "JOELHO 90 SOLD BC LT AZ 25MMX1/2 TIGRE",
   "FIELD5": "1200",
   "FIELD6": "1200",
   "FIELD7": "26/02/2026 10:00",
   "FIELD8": "26/02/2026 12:00",
   "FIELD9": "8000469588",
   "FIELD10": "23.476.033/0018-56 - OBRAMAX - DUQUE DE CAXIAS",
   "FIELD11": "HIDRÁULICA",
   "FIELD12": "08.862.530/0011-22 - TIGRE TUBOS"
 },
 {
   "FIELD1": "4500506250",
   "AGENDAMENTOS POR FORNECEDOR": "1978133-001",
   "FIELD3": "89056702",
   "FIELD4": "TE SOLD 40MM TIGRE",
   "FIELD5": "50",
   "FIELD6": "50",
   "FIELD7": "26/02/2026 10:00",
   "FIELD8": "26/02/2026 12:00",
   "FIELD9": "8000469588",
   "FIELD10": "23.476.033/0018-56 - OBRAMAX - DUQUE DE CAXIAS",
   "FIELD11": "HIDRÁULICA",
   "FIELD12": "08.862.530/0011-22 - TIGRE TUBOS"
 },
 {
   "FIELD1": "4500506250",
   "AGENDAMENTOS POR FORNECEDOR": "1978133-001",
   "FIELD3": "89043045",
   "FIELD4": "ANEL VED TUBOS ESG DN75 TIGRE",
   "FIELD5": "250",
   "FIELD6": "250",
   "FIELD7": "26/02/2026 10:00",
   "FIELD8": "26/02/2026 12:00",
   "FIELD9": "8000469588",
   "FIELD10": "23.476.033/0018-56 - OBRAMAX - DUQUE DE CAXIAS",
   "FIELD11": "HIDRÁULICA",
   "FIELD12": "08.862.530/0011-22 - TIGRE TUBOS"
 },
 {
   "FIELD1": "4500506249",
   "AGENDAMENTOS POR FORNECEDOR": "1980018-001",
   "FIELD3": "89047266",
   "FIELD4": "CONECTOR TRANS FM CPVC DN22X3/4 TIGRE",
   "FIELD5": "400",
   "FIELD6": "400",
   "FIELD7": "26/02/2026 10:00",
   "FIELD8": "26/02/2026 12:00",
   "FIELD9": "8000469588",
   "FIELD10": "23.476.033/0018-56 - OBRAMAX - DUQUE DE CAXIAS",
   "FIELD11": "HIDRÁULICA",
   "FIELD12": "08.862.530/0011-22 - TIGRE TUBOS"
 },
 {
   "FIELD1": "4500506249",
   "AGENDAMENTOS POR FORNECEDOR": "1977702-001",
   "FIELD3": "89043052",
   "FIELD4": "ANEL VED TUBOS ESG DN150 TIGRE",
   "FIELD5": "75",
   "FIELD6": "75",
   "FIELD7": "26/02/2026 10:00",
   "FIELD8": "26/02/2026 12:00",
   "FIELD9": "8000469588",
   "FIELD10": "23.476.033/0018-56 - OBRAMAX - DUQUE DE CAXIAS",
   "FIELD11": "HIDRÁULICA",
   "FIELD12": "08.862.530/0011-22 - TIGRE TUBOS"
 },
 {
   "FIELD1": "4500506249",
   "AGENDAMENTOS POR FORNECEDOR": "1977702-001",
   "FIELD3": "89056086",
   "FIELD4": "CURVA 90 SOLD 60MM TIGRE",
   "FIELD5": "24",
   "FIELD6": "24",
   "FIELD7": "26/02/2026 10:00",
   "FIELD8": "26/02/2026 12:00",
   "FIELD9": "8000469588",
   "FIELD10": "23.476.033/0018-56 - OBRAMAX - DUQUE DE CAXIAS",
   "FIELD11": "HIDRÁULICA",
   "FIELD12": "08.862.530/0011-22 - TIGRE TUBOS"
 },
 {
   "FIELD1": "4500506249",
   "AGENDAMENTOS POR FORNECEDOR": "1977702-001",
   "FIELD3": "89820234",
   "FIELD4": "CAIXA DESCARGA BR 6,8/9L TIGRE",
   "FIELD5": "95",
   "FIELD6": "92",
   "FIELD7": "26/02/2026 10:00",
   "FIELD8": "26/02/2026 12:00",
   "FIELD9": "8000469588",
   "FIELD10": "23.476.033/0018-56 - OBRAMAX - DUQUE DE CAXIAS",
   "FIELD11": "HIDRÁULICA",
   "FIELD12": "08.862.530/0011-22 - TIGRE TUBOS"
 },
 {
   "FIELD1": "4500506249",
   "AGENDAMENTOS POR FORNECEDOR": "1977702-001",
   "FIELD3": "89039790",
   "FIELD4": "UNIAO SOLD 60MM TIGRE",
   "FIELD5": "30",
   "FIELD6": "30",
   "FIELD7": "26/02/2026 10:00",
   "FIELD8": "26/02/2026 12:00",
   "FIELD9": "8000469588",
   "FIELD10": "23.476.033/0018-56 - OBRAMAX - DUQUE DE CAXIAS",
   "FIELD11": "HIDRÁULICA",
   "FIELD12": "08.862.530/0011-22 - TIGRE TUBOS"
 },
 {
   "FIELD1": "4500506249",
   "AGENDAMENTOS POR FORNECEDOR": "1977702-001",
   "FIELD3": "89039783",
   "FIELD4": "UNIAO SOLD 50MM TIGRE",
   "FIELD5": "60",
   "FIELD6": "60",
   "FIELD7": "26/02/2026 10:00",
   "FIELD8": "26/02/2026 12:00",
   "FIELD9": "8000469588",
   "FIELD10": "23.476.033/0018-56 - OBRAMAX - DUQUE DE CAXIAS",
   "FIELD11": "HIDRÁULICA",
   "FIELD12": "08.862.530/0011-22 - TIGRE TUBOS"
 },
 {
   "FIELD1": "4500506249",
   "AGENDAMENTOS POR FORNECEDOR": "1977702-001",
   "FIELD3": "89055540",
   "FIELD4": "ADAPT ANEL SOLD CX DAGUA 60MM TIGRE",
   "FIELD5": "24",
   "FIELD6": "24",
   "FIELD7": "26/02/2026 10:00",
   "FIELD8": "26/02/2026 12:00",
   "FIELD9": "8000469588",
   "FIELD10": "23.476.033/0018-56 - OBRAMAX - DUQUE DE CAXIAS",
   "FIELD11": "HIDRÁULICA",
   "FIELD12": "08.862.530/0011-22 - TIGRE TUBOS"
 },
 {
   "FIELD1": "4500506249",
   "AGENDAMENTOS POR FORNECEDOR": "1977702-001",
   "FIELD3": "89040574",
   "FIELD4": "TE RED ESG SN PVC DN150X100 TIGRE",
   "FIELD5": "20",
   "FIELD6": "20",
   "FIELD7": "26/02/2026 10:00",
   "FIELD8": "26/02/2026 12:00",
   "FIELD9": "8000469588",
   "FIELD10": "23.476.033/0018-56 - OBRAMAX - DUQUE DE CAXIAS",
   "FIELD11": "HIDRÁULICA",
   "FIELD12": "08.862.530/0011-22 - TIGRE TUBOS"
 },
 {
   "FIELD1": "4500506249",
   "AGENDAMENTOS POR FORNECEDOR": "1977702-001",
   "FIELD3": "89040126",
   "FIELD4": "JOELHO 90 ESG SN PVC DN40 TIGRE",
   "FIELD5": "720",
   "FIELD6": "720",
   "FIELD7": "26/02/2026 10:00",
   "FIELD8": "26/02/2026 12:00",
   "FIELD9": "8000469588",
   "FIELD10": "23.476.033/0018-56 - OBRAMAX - DUQUE DE CAXIAS",
   "FIELD11": "HIDRÁULICA",
   "FIELD12": "08.862.530/0011-22 - TIGRE TUBOS"
 },
 {
   "FIELD1": "4500506249",
   "AGENDAMENTOS POR FORNECEDOR": "1977702-001",
   "FIELD3": "89043066",
   "FIELD4": "FITA VEDA ROSCA 18MMX10M TIGRE",
   "FIELD5": "378",
   "FIELD6": "378",
   "FIELD7": "26/02/2026 10:00",
   "FIELD8": "26/02/2026 12:00",
   "FIELD9": "8000469588",
   "FIELD10": "23.476.033/0018-56 - OBRAMAX - DUQUE DE CAXIAS",
   "FIELD11": "HIDRÁULICA",
   "FIELD12": "08.862.530/0011-22 - TIGRE TUBOS"
 },
 {
   "FIELD1": "4500506249",
   "AGENDAMENTOS POR FORNECEDOR": "1977702-001",
   "FIELD3": "89040532",
   "FIELD4": "TE ESG SN PVC DN150 TIGRE",
   "FIELD5": "20",
   "FIELD6": "20",
   "FIELD7": "26/02/2026 10:00",
   "FIELD8": "26/02/2026 12:00",
   "FIELD9": "8000469588",
   "FIELD10": "23.476.033/0018-56 - OBRAMAX - DUQUE DE CAXIAS",
   "FIELD11": "HIDRÁULICA",
   "FIELD12": "08.862.530/0011-22 - TIGRE TUBOS"
 },
 {
   "FIELD1": "4500506249",
   "AGENDAMENTOS POR FORNECEDOR": "1977702-001",
   "FIELD3": "89047595",
   "FIELD4": "TE CPVC DN22 TIGRE",
   "FIELD5": "240",
   "FIELD6": "240",
   "FIELD7": "26/02/2026 10:00",
   "FIELD8": "26/02/2026 12:00",
   "FIELD9": "8000469588",
   "FIELD10": "23.476.033/0018-56 - OBRAMAX - DUQUE DE CAXIAS",
   "FIELD11": "HIDRÁULICA",
   "FIELD12": "08.862.530/0011-22 - TIGRE TUBOS"
 },
 {
   "FIELD1": "4500506249",
   "AGENDAMENTOS POR FORNECEDOR": "1977702-001",
   "FIELD3": "89039965",
   "FIELD4": "CURVA 90 CURTA ESG SN PVC DN75 TIGRE",
   "FIELD5": "20",
   "FIELD6": "20",
   "FIELD7": "26/02/2026 10:00",
   "FIELD8": "26/02/2026 12:00",
   "FIELD9": "8000469588",
   "FIELD10": "23.476.033/0018-56 - OBRAMAX - DUQUE DE CAXIAS",
   "FIELD11": "HIDRÁULICA",
   "FIELD12": "08.862.530/0011-22 - TIGRE TUBOS"
 },
 {
   "FIELD1": "4500506249",
   "AGENDAMENTOS POR FORNECEDOR": "1977702-001",
   "FIELD3": "89056835",
   "FIELD4": "TE RED SOLD 40X25MM TIGRE",
   "FIELD5": "50",
   "FIELD6": "50",
   "FIELD7": "26/02/2026 10:00",
   "FIELD8": "26/02/2026 12:00",
   "FIELD9": "8000469588",
   "FIELD10": "23.476.033/0018-56 - OBRAMAX - DUQUE DE CAXIAS",
   "FIELD11": "HIDRÁULICA",
   "FIELD12": "08.862.530/0011-22 - TIGRE TUBOS"
 },
 {
   "FIELD1": "4500506249",
   "AGENDAMENTOS POR FORNECEDOR": "1977702-001",
   "FIELD3": "89056030",
   "FIELD4": "CURVA 90 SOLD 20MM TIGRE",
   "FIELD5": "140",
   "FIELD6": "140",
   "FIELD7": "26/02/2026 10:00",
   "FIELD8": "26/02/2026 12:00",
   "FIELD9": "8000469588",
   "FIELD10": "23.476.033/0018-56 - OBRAMAX - DUQUE DE CAXIAS",
   "FIELD11": "HIDRÁULICA",
   "FIELD12": "08.862.530/0011-22 - TIGRE TUBOS"
 },
 {
   "FIELD1": "4500506249",
   "AGENDAMENTOS POR FORNECEDOR": "1977702-001",
   "FIELD3": "89056534",
   "FIELD4": "LUVA SOLD 32MM TIGRE",
   "FIELD5": "120",
   "FIELD6": "120",
   "FIELD7": "26/02/2026 10:00",
   "FIELD8": "26/02/2026 12:00",
   "FIELD9": "8000469588",
   "FIELD10": "23.476.033/0018-56 - OBRAMAX - DUQUE DE CAXIAS",
   "FIELD11": "HIDRÁULICA",
   "FIELD12": "08.862.530/0011-22 - TIGRE TUBOS"
 },
 {
   "FIELD1": "4500506249",
   "AGENDAMENTOS POR FORNECEDOR": "1977702-001",
   "FIELD3": "89047273",
   "FIELD4": "BUCHA RED CPVC DN28X22 TIGRE",
   "FIELD5": "100",
   "FIELD6": "100",
   "FIELD7": "26/02/2026 10:00",
   "FIELD8": "26/02/2026 12:00",
   "FIELD9": "8000469588",
   "FIELD10": "23.476.033/0018-56 - OBRAMAX - DUQUE DE CAXIAS",
   "FIELD11": "HIDRÁULICA",
   "FIELD12": "08.862.530/0011-22 - TIGRE TUBOS"
 },
 {
   "FIELD1": "4500506249",
   "AGENDAMENTOS POR FORNECEDOR": "1977702-001",
   "FIELD3": "89039993",
   "FIELD4": "CURVA 90 LONGA ESG SN PVC DN50 TIGRE",
   "FIELD5": "20",
   "FIELD6": "20",
   "FIELD7": "26/02/2026 10:00",
   "FIELD8": "26/02/2026 12:00",
   "FIELD9": "8000469588",
   "FIELD10": "23.476.033/0018-56 - OBRAMAX - DUQUE DE CAXIAS",
   "FIELD11": "HIDRÁULICA",
   "FIELD12": "08.862.530/0011-22 - TIGRE TUBOS"
 },
 {
   "FIELD1": "4500506249",
   "AGENDAMENTOS POR FORNECEDOR": "1977702-001",
   "FIELD3": "89523763",
   "FIELD4": "JOELHO 90 CPVC DN42 TIGRE",
   "FIELD5": "10",
   "FIELD6": "10",
   "FIELD7": "26/02/2026 10:00",
   "FIELD8": "26/02/2026 12:00",
   "FIELD9": "8000469588",
   "FIELD10": "23.476.033/0018-56 - OBRAMAX - DUQUE DE CAXIAS",
   "FIELD11": "HIDRÁULICA",
   "FIELD12": "08.862.530/0011-22 - TIGRE TUBOS"
 },
 {
   "FIELD1": "4500506249",
   "AGENDAMENTOS POR FORNECEDOR": "1977702-001",
   "FIELD3": "89055974",
   "FIELD4": "CURVA 45 SOLD 32MM TIGRE",
   "FIELD5": "30",
   "FIELD6": "30",
   "FIELD7": "26/02/2026 10:00",
   "FIELD8": "26/02/2026 12:00",
   "FIELD9": "8000469588",
   "FIELD10": "23.476.033/0018-56 - OBRAMAX - DUQUE DE CAXIAS",
   "FIELD11": "HIDRÁULICA",
   "FIELD12": "08.862.530/0011-22 - TIGRE TUBOS"
 },
 {
   "FIELD1": "4500506249",
   "AGENDAMENTOS POR FORNECEDOR": "1977702-001",
   "FIELD3": "89523854",
   "FIELD4": "LUVA TRANS F CPVC DN35X1.1/4 TIGRE",
   "FIELD5": "2",
   "FIELD6": "2",
   "FIELD7": "26/02/2026 10:00",
   "FIELD8": "26/02/2026 12:00",
   "FIELD9": "8000469588",
   "FIELD10": "23.476.033/0018-56 - OBRAMAX - DUQUE DE CAXIAS",
   "FIELD11": "HIDRÁULICA",
   "FIELD12": "08.862.530/0011-22 - TIGRE TUBOS"
 },
 {
   "FIELD1": "4500506249",
   "AGENDAMENTOS POR FORNECEDOR": "1977702-001",
   "FIELD3": "89055960",
   "FIELD4": "CURVA 45 SOLD 25MM TIGRE",
   "FIELD5": "45",
   "FIELD6": "45",
   "FIELD7": "26/02/2026 10:00",
   "FIELD8": "26/02/2026 12:00",
   "FIELD9": "8000469588",
   "FIELD10": "23.476.033/0018-56 - OBRAMAX - DUQUE DE CAXIAS",
   "FIELD11": "HIDRÁULICA",
   "FIELD12": "08.862.530/0011-22 - TIGRE TUBOS"
 },
 {
   "FIELD1": "4500506249",
   "AGENDAMENTOS POR FORNECEDOR": "1977702-001",
   "FIELD3": "89523840",
   "FIELD4": "LUVA TRANS CPVC/PVC SOLD DN22X25 TIGRE",
   "FIELD5": "80",
   "FIELD6": "80",
   "FIELD7": "26/02/2026 10:00",
   "FIELD8": "26/02/2026 12:00",
   "FIELD9": "8000469588",
   "FIELD10": "23.476.033/0018-56 - OBRAMAX - DUQUE DE CAXIAS",
   "FIELD11": "HIDRÁULICA",
   "FIELD12": "08.862.530/0011-22 - TIGRE TUBOS"
 },
 {
   "FIELD1": "4500506249",
   "AGENDAMENTOS POR FORNECEDOR": "1977702-001",
   "FIELD3": "89523826",
   "FIELD4": "LUVA SIMPLES CPVC DN42 TIGRE",
   "FIELD5": "10",
   "FIELD6": "10",
   "FIELD7": "26/02/2026 10:00",
   "FIELD8": "26/02/2026 12:00",
   "FIELD9": "8000469588",
   "FIELD10": "23.476.033/0018-56 - OBRAMAX - DUQUE DE CAXIAS",
   "FIELD11": "HIDRÁULICA",
   "FIELD12": "08.862.530/0011-22 - TIGRE TUBOS"
 },
 {
   "FIELD1": "4500506249",
   "AGENDAMENTOS POR FORNECEDOR": "1977702-001",
   "FIELD3": "89055855",
   "FIELD4": "CAP SOLD 20MM TIGRE",
   "FIELD5": "50",
   "FIELD6": "50",
   "FIELD7": "26/02/2026 10:00",
   "FIELD8": "26/02/2026 12:00",
   "FIELD9": "8000469588",
   "FIELD10": "23.476.033/0018-56 - OBRAMAX - DUQUE DE CAXIAS",
   "FIELD11": "HIDRÁULICA",
   "FIELD12": "08.862.530/0011-22 - TIGRE TUBOS"
 },
 {
   "FIELD1": "4500477084",
   "AGENDAMENTOS POR FORNECEDOR": "1978240-001",
   "FIELD3": "89042401",
   "FIELD4": "CAIXA SIFONADA RED BR 250X172X50MM TIGRE",
   "FIELD5": "16",
   "FIELD6": "16",
   "FIELD7": "26/02/2026 10:00",
   "FIELD8": "26/02/2026 12:00",
   "FIELD9": "8000469588",
   "FIELD10": "23.476.033/0018-56 - OBRAMAX - DUQUE DE CAXIAS",
   "FIELD11": "HIDRÁULICA",
   "FIELD12": "08.862.530/0011-22 - TIGRE TUBOS"
 },
 {
   "FIELD1": "4500477084",
   "AGENDAMENTOS POR FORNECEDOR": "1980022-001",
   "FIELD3": "89043094",
   "FIELD4": "ADAPT P/ MAQ LAVAR 1 E 3/4 TIGRE",
   "FIELD5": "10",
   "FIELD6": "10",
   "FIELD7": "26/02/2026 10:00",
   "FIELD8": "26/02/2026 12:00",
   "FIELD9": "8000469588",
   "FIELD10": "23.476.033/0018-56 - OBRAMAX - DUQUE DE CAXIAS",
   "FIELD11": "HIDRÁULICA",
   "FIELD12": "08.862.530/0011-22 - TIGRE TUBOS"
 },
 {
   "FIELD1": "4500498976",
   "AGENDAMENTOS POR FORNECEDOR": "1978140-001",
   "FIELD3": "89044151",
   "FIELD4": "JOELHO 90 TRANS F CPVC DN22X1/2 TIGRE",
   "FIELD5": "300",
   "FIELD6": "300",
   "FIELD7": "26/02/2026 10:00",
   "FIELD8": "26/02/2026 12:00",
   "FIELD9": "8000469588",
   "FIELD10": "23.476.033/0018-56 - OBRAMAX - DUQUE DE CAXIAS",
   "FIELD11": "HIDRÁULICA",
   "FIELD12": "08.862.530/0011-22 - TIGRE TUBOS"
 },
 {
   "FIELD1": "4500498976",
   "AGENDAMENTOS POR FORNECEDOR": "1978140-001",
   "FIELD3": "89598712",
   "FIELD4": "TE MISTURADOR F CPVC DN22X3/4 TIGRE",
   "FIELD5": "40",
   "FIELD6": "40",
   "FIELD7": "26/02/2026 10:00",
   "FIELD8": "26/02/2026 12:00",
   "FIELD9": "8000469588",
   "FIELD10": "23.476.033/0018-56 - OBRAMAX - DUQUE DE CAXIAS",
   "FIELD11": "HIDRÁULICA",
   "FIELD12": "08.862.530/0011-22 - TIGRE TUBOS"
 },
 {
   "FIELD1": "4500498976",
   "AGENDAMENTOS POR FORNECEDOR": "1980151-001",
   "FIELD3": "89273114",
   "FIELD4": "VALV TANQUE PLAST TAMPA PLAS BR 1.1/4",
   "FIELD5": "40",
   "FIELD6": "40",
   "FIELD7": "26/02/2026 10:00",
   "FIELD8": "26/02/2026 12:00",
   "FIELD9": "8000469588",
   "FIELD10": "23.476.033/0018-56 - OBRAMAX - DUQUE DE CAXIAS",
   "FIELD11": "HIDRÁULICA",
   "FIELD12": "08.862.530/0011-22 - TIGRE TUBOS"
 },
 {
   "FIELD1": "4500492838",
   "AGENDAMENTOS POR FORNECEDOR": "1978187-001",
   "FIELD3": "89039741",
   "FIELD4": "UNIAO SOLD 20MM TIGRE",
   "FIELD5": "40",
   "FIELD6": "40",
   "FIELD7": "26/02/2026 10:00",
   "FIELD8": "26/02/2026 12:00",
   "FIELD9": "8000469588",
   "FIELD10": "23.476.033/0018-56 - OBRAMAX - DUQUE DE CAXIAS",
   "FIELD11": "HIDRÁULICA",
   "FIELD12": "08.862.530/0011-22 - TIGRE TUBOS"
 },
 {
   "FIELD1": "4500496928",
   "AGENDAMENTOS POR FORNECEDOR": "1978258-001",
   "FIELD3": "89039741",
   "FIELD4": "UNIAO SOLD 20MM TIGRE",
   "FIELD5": "40",
   "FIELD6": "40",
   "FIELD7": "26/02/2026 10:00",
   "FIELD8": "26/02/2026 12:00",
   "FIELD9": "8000469588",
   "FIELD10": "23.476.033/0018-56 - OBRAMAX - DUQUE DE CAXIAS",
   "FIELD11": "HIDRÁULICA",
   "FIELD12": "08.862.530/0011-22 - TIGRE TUBOS"
 },
 {
   "FIELD1": "4500489254",
   "AGENDAMENTOS POR FORNECEDOR": "1978185-001",
   "FIELD3": "89040532",
   "FIELD4": "TE ESG SN PVC DN150 TIGRE",
   "FIELD5": "20",
   "FIELD6": "20",
   "FIELD7": "26/02/2026 10:00",
   "FIELD8": "26/02/2026 12:00",
   "FIELD9": "8000469588",
   "FIELD10": "23.476.033/0018-56 - OBRAMAX - DUQUE DE CAXIAS",
   "FIELD11": "HIDRÁULICA",
   "FIELD12": "08.862.530/0011-22 - TIGRE TUBOS"
 },
 {
   "FIELD1": "4500489254",
   "AGENDAMENTOS POR FORNECEDOR": "1978185-001",
   "FIELD3": "89039741",
   "FIELD4": "UNIAO SOLD 20MM TIGRE",
   "FIELD5": "60",
   "FIELD6": "60",
   "FIELD7": "26/02/2026 10:00",
   "FIELD8": "26/02/2026 12:00",
   "FIELD9": "8000469588",
   "FIELD10": "23.476.033/0018-56 - OBRAMAX - DUQUE DE CAXIAS",
   "FIELD11": "HIDRÁULICA",
   "FIELD12": "08.862.530/0011-22 - TIGRE TUBOS"
 },
 {
   "FIELD1": "4500507030",
   "AGENDAMENTOS POR FORNECEDOR": "079081-001",
   "FIELD3": "89300064",
   "FIELD4": "FITA VEDA ROSCA 18MMX50M FIRLON",
   "FIELD5": "840",
   "FIELD6": "840",
   "FIELD7": "26/02/2026 11:00",
   "FIELD8": "26/02/2026 12:00",
   "FIELD9": "8000474757",
   "FIELD10": "23.476.033/0018-56 - OBRAMAX - DUQUE DE CAXIAS",
   "FIELD11": "HIDRÁULICA",
   "FIELD12": "61.890.109/0001-36 - PLASTIFLUOR"
 },
 {
   "FIELD1": "4500507030",
   "AGENDAMENTOS POR FORNECEDOR": "079081-001",
   "FIELD3": "89300043",
   "FIELD4": "FITA VEDA ROSCA 18MMX10M FIRLON",
   "FIELD5": "300",
   "FIELD6": "300",
   "FIELD7": "26/02/2026 11:00",
   "FIELD8": "26/02/2026 12:00",
   "FIELD9": "8000474757",
   "FIELD10": "23.476.033/0018-56 - OBRAMAX - DUQUE DE CAXIAS",
   "FIELD11": "HIDRÁULICA",
   "FIELD12": "61.890.109/0001-36 - PLASTIFLUOR"
 },
 {
   "FIELD1": "4500507030",
   "AGENDAMENTOS POR FORNECEDOR": "079081-001",
   "FIELD3": "89300071",
   "FIELD4": "FITA VEDA ROSCA 12MMX25M FIRLON",
   "FIELD5": "90",
   "FIELD6": "90",
   "FIELD7": "26/02/2026 11:00",
   "FIELD8": "26/02/2026 12:00",
   "FIELD9": "8000474757",
   "FIELD10": "23.476.033/0018-56 - OBRAMAX - DUQUE DE CAXIAS",
   "FIELD11": "HIDRÁULICA",
   "FIELD12": "61.890.109/0001-36 - PLASTIFLUOR"
 },
 {
   "FIELD1": "4500507030",
   "AGENDAMENTOS POR FORNECEDOR": "079081-001",
   "FIELD3": "89300050",
   "FIELD4": "FITA VEDA ROSCA 18MMX25M FIRLON",
   "FIELD5": "60",
   "FIELD6": "60",
   "FIELD7": "26/02/2026 11:00",
   "FIELD8": "26/02/2026 12:00",
   "FIELD9": "8000474757",
   "FIELD10": "23.476.033/0018-56 - OBRAMAX - DUQUE DE CAXIAS",
   "FIELD11": "HIDRÁULICA",
   "FIELD12": "61.890.109/0001-36 - PLASTIFLUOR"
 },
 {
   "FIELD1": "4500507030",
   "AGENDAMENTOS POR FORNECEDOR": "079081-001",
   "FIELD3": "89683062",
   "FIELD4": "FIO VEDA ROSCA 50M FIRLON",
   "FIELD5": "5",
   "FIELD6": "5",
   "FIELD7": "26/02/2026 11:00",
   "FIELD8": "26/02/2026 12:00",
   "FIELD9": "8000474757",
   "FIELD10": "23.476.033/0018-56 - OBRAMAX - DUQUE DE CAXIAS",
   "FIELD11": "HIDRÁULICA",
   "FIELD12": "61.890.109/0001-36 - PLASTIFLUOR"
 },
 {
   "FIELD1": "4500506324",
   "AGENDAMENTOS POR FORNECEDOR": "1977777-001",
   "FIELD3": "89039601",
   "FIELD4": "TUBO SOLD AF PVC 3M 20MM TIGRE",
   "FIELD5": "160",
   "FIELD6": "160",
   "FIELD7": "26/02/2026 10:00",
   "FIELD8": "26/02/2026 12:00",
   "FIELD9": "8000469588",
   "FIELD10": "23.476.033/0018-56 - OBRAMAX - DUQUE DE CAXIAS",
   "FIELD11": "HIDRÁULICA",
   "FIELD12": "08.862.530/0011-22 - TIGRE TUBOS"
 }
]